created,fork,forked_from,full_name,name,owner_id,repo_id
2016-08-01 01:56:29,True,53949203.0,thedang/Choices,Choices,8512497,64627212
2016-10-18 13:34:50,True,65116637.0,Widea/roll-call,roll-call,1750248,71251692
2017-02-19 06:40:59,True,64702298.0,tskarthikeyann/home_surveillance,home_surveillance,8179433,82440697
2016-08-19 00:33:16,True,53949203.0,warplat/Choices,Choices,9009452,66039958
2017-04-03 21:26:01,True,64702298.0,baalsaawe/home_surveillance,home_surveillance,13794487,87122397
2016-11-09 14:11:46,True,64702298.0,robustfengbin/home_surveillance,home_surveillance,4393632,73289746
2016-05-26 03:51:54,True,52522046.0,seancallinan/PlexRequests.Net,PlexRequests.Net,1139665,59718112
2016-07-29 17:43:33,True,53949203.0,chymz/Choices,Choices,1416912,64499478
2016-11-05 08:34:27,True,64702298.0,fujianhai/home_surveillance,home_surveillance,6189742,72914242
2016-09-18 06:30:55,True,66739335.0,newlifes01/VitaShell,VitaShell,12026529,68501385
2016-10-18 12:43:05,True,65116637.0,slattery/roll-call,roll-call,1829326,71247083
2016-09-14 17:18:11,True,66739335.0,Dragoon1010/VitaShell,VitaShell,1273438,68227177
2016-05-24 22:14:35,True,52522046.0,august23/PlexRequests.Net,PlexRequests.Net,17227625,59612276
2017-02-02 17:07:51,True,76171100.0,joanromano/Sourcery,Sourcery,1227808,80747646
2017-04-04 00:58:06,True,64702298.0,juanmvj/home_surveillance,home_surveillance,9389054,87135291
2017-02-07 21:23:01,True,70382340.0,zebapy/arc,arc,2199845,81255652
2016-10-18 10:27:06,True,65116637.0,adrianhopebailie/roll-call,roll-call,49902,71236782
2016-12-22 16:53:45,True,64702298.0,leehavin/home_surveillance,home_surveillance,12468518,77161317
2016-08-20 14:50:26,True,53949203.0,din982/Choices,Choices,20537563,66151957
2016-08-31 07:11:00,True,52522046.0,palanjam/PlexRequests.Net,PlexRequests.Net,1247820,67012951
2016-07-18 14:44:56,True,55891971.0,nunesf/tailor,tailor,5664540,63611131
2016-05-23 13:58:36,True,52522046.0,MiuiSwitzerland/PlexRequests.Net,PlexRequests.Net,1059104,59487268
2016-11-19 23:01:46,True,52522046.0,richardpoyner/PlexRequests.Net,PlexRequests.Net,8351268,74240709
2016-08-04 22:47:10,True,53949203.0,thewax/Choices,Choices,1852482,64972062
2017-04-25 20:58:52,True,70382340.0,MakiBM/arc,arc,4959890,89406232
2016-10-18 08:54:54,True,65116637.0,svenkrb/roll-call,roll-call,7710,71228472
2016-10-11 10:41:38,True,68475958.0,indongsaeng/optimize-js,optimize-js,7227288,70583328
2016-12-13 14:19:18,True,66739335.0,Mayoshiroi/VitaShell,VitaShell,19636055,76365285
2016-05-12 19:17:35,True,52522046.0,waffle-iron/PlexRequests.Net,PlexRequests.Net,6912981,58670054
2017-02-11 15:08:51,True,68475958.0,MissingLiu/optimize-js,optimize-js,5218020,81660560
2016-10-18 07:20:26,True,65116637.0,davidli2017/roll-call,roll-call,9048597,71220027
2016-04-22 01:16:33,True,49540923.0,cqululei/RecyclerView-FastScroll,RecyclerView-FastScroll,5753436,56816220
2016-04-30 12:32:20,True,52522046.0,stewie4684/PlexRequests.Net,PlexRequests.Net,18751313,57441033
2016-08-05 02:24:03,True,53949203.0,vagusX/Choices,Choices,6828924,64981967
2016-08-29 18:58:32,True,66739335.0,persona5/VitaShell,VitaShell,11652230,66871696
2017-02-16 14:25:44,True,55891971.0,grahlie/tailor,tailor,2551400,82189042
2016-08-30 17:19:53,True,53949203.0,RubyxCubeLtd/Choices,Choices,15176406,66962035
2017-02-01 09:34:50,True,52522046.0,d2dyno/Ombi,Ombi,2421939,80605913
2017-03-28 17:10:12,True,64702298.0,vahid-dan/home_surveillance,home_surveillance,1634252,86486464
2016-10-18 06:29:25,True,65116637.0,carloscarcamo/roll-call,roll-call,2413746,71216023
2016-12-14 01:17:15,True,76171100.0,modulexcite/Sourcery,Sourcery,12729391,76412575
2016-09-13 22:17:16,True,66739335.0,WesleyPolicena/VitaShell,VitaShell,21372797,68151900
2016-04-29 18:12:16,True,52522046.0,origamirobot/PlexRequests.Net,PlexRequests.Net,1346803,57404105
2016-09-13 15:56:19,True,66739335.0,clank201/VitaShell,VitaShell,6438184,68123667
2016-12-25 05:17:27,True,76171100.0,inamiy/Sourcery,Sourcery,138476,77311630
2016-02-24 13:13:30,True,49540923.0,meshantha/RecyclerView-FastScroll,RecyclerView-FastScroll,3919633,52443306
2016-08-05 22:27:01,True,53949203.0,mehdimabrouk/Choices,Choices,849566,65052767
2016-10-18 05:19:55,True,65116637.0,Immich/roll-call,roll-call,9353470,71211632
2016-11-09 03:19:12,True,64702298.0,2php/home_surveillance,home_surveillance,344173,73249111
2016-09-02 13:03:57,True,66739335.0,Almamu/VitaShell,VitaShell,751307,67223161
2016-04-21 22:06:14,True,52522046.0,DereckR/PlexRequests.Net,PlexRequests.Net,12634999,56808478
2016-12-19 16:17:40,True,76171100.0,ugoArangino/Sourcery,Sourcery,2332992,76877375
2017-04-01 01:06:59,True,53949203.0,huangzhiyang166/Choices,Choices,5977891,86872028
2016-10-12 01:03:22,True,64702298.0,bestwpw/home_surveillance,home_surveillance,13477295,70648560
2016-10-11 05:36:07,True,66739335.0,hist008/VitaShell,VitaShell,20432098,70559551
2016-11-02 12:56:05,True,70382340.0,austineady/arc,arc,10563787,72639931
2017-02-17 10:14:30,True,52522046.0,Rjaylyn1925/Ombi,Ombi,23616386,82284755
2016-10-18 00:50:34,True,65116637.0,iwaffles/roll-call,roll-call,7333,71193969
2016-08-21 09:18:49,True,53949203.0,BigDaddys/Choices,Choices,1962093,66190521
2016-04-12 02:12:56,True,52522046.0,Logvin/PlexRequests.Net,PlexRequests.Net,13814907,56023188
2017-05-01 04:17:53,True,55891971.0,jfmacdonald/tailor,tailor,7960852,89896784
2016-12-23 07:01:10,True,76171100.0,SMR/Sourcery,Sourcery,6059191,77205426
2016-08-01 21:18:23,False,,BrandonJoffe/home_surveillance,home_surveillance,20106121,64702298
2016-08-19 23:15:21,True,53949203.0,AlexLaforge/Choices,Choices,8602659,66117789
2016-12-11 11:49:25,False,,krzysztofzablocki/Sourcery,Sourcery,1468993,76171100
2016-11-05 14:20:20,True,64702298.0,zhang365947064/home_surveillance,home_surveillance,17724006,72930791
2016-03-24 03:01:50,True,52522046.0,ramsaytc/PlexRequests.Net,PlexRequests.Net,16809662,54610464
2016-08-05 10:34:14,True,53949203.0,bestwpw/Choices,Choices,13477295,65010839
2016-09-28 06:42:03,True,49540923.0,iBaiLing/RecyclerView-FastScroll,RecyclerView-FastScroll,20317440,69433922
2016-08-29 21:34:16,True,53949203.0,bodahassan/Choices,Choices,21070113,66882405
2017-04-19 06:00:36,True,70382340.0,FrankPaul1/arc,arc,9024308,88706833
2016-04-11 08:55:35,True,49540923.0,douroid/RecyclerView-FastScroll,RecyclerView-FastScroll,3281132,55956767
2016-10-17 18:40:48,True,65116637.0,JerJohn15/roll-call,roll-call,6578161,71169614
2017-02-06 22:43:12,True,70382340.0,RyanFitzgerald/arc,arc,9112801,81141291
2017-01-21 02:42:47,True,52522046.0,tdorsey/Ombi,Ombi,1218404,79618791
2016-08-28 22:13:50,True,66739335.0,Joonie86/VitaShell,VitaShell,8692743,66793445
2016-03-23 20:42:57,True,52522046.0,Stuke00/PlexRequests.Net,PlexRequests.Net,16128402,54591728
2016-08-12 18:00:03,True,53949203.0,Frankie-666/Choices,Choices,8955905,65573315
2016-11-14 09:31:10,True,68475958.0,sshyran/optimize-js,optimize-js,8601580,73688680
2017-03-17 21:11:35,True,64702298.0,ltoscano/home_surveillance,home_surveillance,5939134,85355065
2016-10-11 11:39:39,True,64702298.0,gitkeidy/home_surveillance,home_surveillance,7620014,70587367
2016-08-06 21:57:08,True,53949203.0,avilgutskyi/Choices,Choices,13539520,65103693
2016-10-17 18:10:02,True,65116637.0,antares500/roll-call,roll-call,27911,71167121
2017-03-29 04:39:13,True,52522046.0,ragingdave/Ombi,Ombi,1168344,86539000
2016-09-20 09:45:03,True,53949203.0,nathanielw/Choices,Choices,4693844,68697803
2017-01-20 16:35:50,True,68475958.0,aredo/optimize-js,optimize-js,201664,79576386
2016-01-26 04:43:40,True,49540923.0,sxf141/RecyclerView-FastScroll,RecyclerView-FastScroll,12589671,50403861
2016-03-01 10:09:44,True,49540923.0,garmax1/RecyclerView-FastScroll,RecyclerView-FastScroll,16045011,52867310
2017-03-09 15:42:16,True,76171100.0,wildthink/Sourcery,Sourcery,160165,84459035
2016-09-07 15:41:05,True,53949203.0,ntaylor09/Choices,Choices,18291817,67620785
2017-01-31 18:41:03,True,52522046.0,Torkiliuz/Ombi,Ombi,460764,80549904
2016-12-08 18:37:06,True,68475958.0,kuldeepkeshwar/optimize-js,optimize-js,10448534,75964917
2016-09-20 08:25:35,True,68475958.0,ymichael/optimize-js,optimize-js,610102,68690734
2016-07-05 21:46:33,True,55891971.0,gabormeszoly/tailor,tailor,1769854,62671821
2016-07-11 02:34:23,True,55891971.0,zhangaoqi/tailor,tailor,3381931,63030658
2017-04-25 17:24:38,True,49540923.0,07101994/RecyclerView-FastScroll,RecyclerView-FastScroll,8003428,89387907
2016-09-20 19:21:52,True,68475958.0,kwaazaar/optimize-js,optimize-js,8937587,68745528
2016-10-11 01:07:39,True,64702298.0,dwdxdy/home_surveillance,home_surveillance,2627668,70542471
2017-03-19 10:30:35,True,66739335.0,Umineko1993/VitaShell,VitaShell,16664369,85467702
2016-10-15 00:00:33,True,65116637.0,tngamemo/roll-call,roll-call,19501023,70955233
2017-04-10 13:37:56,True,76171100.0,zayass/Sourcery,Sourcery,1008679,87815018
2016-01-26 03:48:55,True,49540923.0,msdgwzhy6/RecyclerView-FastScroll,RecyclerView-FastScroll,4504941,50401578
2017-02-09 17:46:34,True,52522046.0,distaula/Ombi,Ombi,33949,81477632
2016-11-15 16:07:05,True,55891971.0,magoyo/tailor,tailor,873976,73830889
2016-09-20 07:45:04,True,68475958.0,digideskio/optimize-js,optimize-js,14135456,68687169
2017-03-14 23:49:43,True,52522046.0,Lauch/Ombi,Ombi,183124,85008638
2016-08-30 19:56:32,True,55891971.0,HJGreen/tailor,tailor,2873649,66973134
2016-09-12 06:26:11,True,53949203.0,Ameriks/Choices,Choices,105125,67981848
2016-12-06 00:03:11,True,64702298.0,Kjeanclaude/home_surveillance,home_surveillance,23453870,75677397
2017-02-20 05:00:22,True,70382340.0,gumatt/arc,arc,5725805,82518476
2017-02-10 05:30:19,True,64702298.0,zgsxwsdxg/home_surveillance,home_surveillance,12712884,81530175
2017-03-10 22:09:41,True,70382340.0,protoEvangelion/arc,arc,20076677,84604762
2017-03-18 12:24:37,True,66739335.0,sanchitchawla/VitaShell,VitaShell,20317633,85399298
2017-02-18 17:56:47,True,70382340.0,0xsven/arc,arc,973379,82405413
2016-11-05 03:37:49,True,64702298.0,sagaruprety/home_surveillance,home_surveillance,10953651,72903191
2016-07-08 14:48:13,True,55891971.0,allendoerfer/tailor,tailor,3452853,62895967
2016-09-20 14:27:31,True,68475958.0,venzovisa/optimize-js,optimize-js,13753425,68720065
2016-09-04 12:56:47,True,66739335.0,soywiz/VitaShell,VitaShell,570848,67344716
2016-09-21 07:16:41,True,68475958.0,GraphicDThanh/optimize-js,optimize-js,11568347,68790650
2016-12-01 03:07:31,True,70382340.0,hahalml/arc,arc,790546,75249906
2016-01-21 00:44:42,True,49540923.0,kabouzeid/RecyclerView-FastScroll,RecyclerView-FastScroll,7303830,50071087
2017-01-31 07:54:32,True,76171100.0,AlekSi/Sourcery,Sourcery,11512,80501237
2017-02-18 22:14:48,True,70382340.0,Trendberry/trendberry-arc,trendberry-arc,25519412,82419453
2017-03-05 17:57:54,True,53949203.0,kostkobv/Choices,Choices,6769422,83990495
2016-01-30 07:11:24,True,49540923.0,carythh/RecyclerView-FastScroll,RecyclerView-FastScroll,6194465,50713838
2017-03-18 03:15:11,True,66739335.0,VegaRoXas/VitaShell,VitaShell,9704015,85372400
2016-09-20 02:51:48,True,68475958.0,jw56578/optimize-js,optimize-js,1421084,68667604
2017-04-25 15:51:51,True,55891971.0,henriquebastos/tailor,tailor,12066,89379219
2016-01-22 02:07:14,True,49540923.0,jdsjlzx/RecyclerView-FastScroll,RecyclerView-FastScroll,1652076,50150937
2017-02-05 19:59:34,True,70382340.0,sabarasaba/arc,arc,1191206,81018102
2016-01-28 03:58:45,True,49540923.0,RainFool/RecyclerView-FastScroll,RecyclerView-FastScroll,11420857,50553734
2017-01-27 21:11:23,True,52522046.0,ZinnerC/Ombi,Ombi,7002769,80246273
2016-09-21 05:45:36,True,68475958.0,sanex3339/optimize-js,optimize-js,9210534,68784140
2016-10-30 10:52:28,True,65116637.0,lanthaler/roll-call,roll-call,456407,72343769
2016-09-28 02:09:01,True,68475958.0,rlugojr/optimize-js,optimize-js,7250897,69416148
2016-09-22 19:08:31,True,68475958.0,techscientist/optimize-js,optimize-js,7275205,68953546
2016-11-15 17:05:09,True,52522046.0,manifest3r/PlexRequests.Net,PlexRequests.Net,10587521,73836351
2016-01-21 18:35:26,True,49540923.0,justomiguel/RecyclerView-FastScroll,RecyclerView-FastScroll,2671457,50128257
2016-08-18 19:02:13,True,53949203.0,cybernetics/Choices,Choices,79887,66023307
2017-02-18 15:41:40,True,70382340.0,advance512/arc,arc,3903412,82396917
2017-04-16 23:52:51,True,65116637.0,sashajustice/roll-call,roll-call,13405531,88449905
2016-09-20 16:32:46,True,68475958.0,efueger/optimize-js,optimize-js,2053833,68731802
2017-03-03 15:04:02,True,66739335.0,Acemad/VitaShell,VitaShell,5701168,83810216
2017-02-23 16:47:06,True,49540923.0,kamiox/RecyclerView-FastScroll,RecyclerView-FastScroll,594631,82948920
2016-01-21 01:07:06,True,49540923.0,XBurnerAir/RecyclerView-FastScroll,RecyclerView-FastScroll,13834484,50072144
2016-09-23 13:28:27,True,53949203.0,froggiefab/Choices,Choices,5774943,69027259
2016-07-14 11:07:56,True,55891971.0,rmlira/tailor,tailor,16110633,63329760
2016-09-23 17:36:02,True,68475958.0,extrimua/optimize-js,optimize-js,5059633,69046957
2017-02-18 11:22:17,True,70382340.0,atifzaidi/arc,arc,5071031,82381716
2016-10-12 11:30:04,True,55891971.0,pedro-mendonca/tailor,tailor,7371591,70693362
2016-10-17 20:12:31,True,70382340.0,plumby/arc,arc,2398415,71177072
2017-02-17 11:31:31,True,66739335.0,nexgen999/VitaShell,VitaShell,2828785,82291107
2017-02-08 20:33:52,True,55891971.0,2aces/tailor,tailor,3899289,81373222
2016-09-20 11:16:06,True,68475958.0,rado85/optimize-js,optimize-js,5071828,68704272
2016-10-01 11:46:43,True,52522046.0,deepwather/PlexRequests.Net,PlexRequests.Net,12274612,69735741
2016-09-20 10:37:31,True,68475958.0,visualrobots/optimize-js,optimize-js,138735,68701649
2017-01-28 22:20:00,True,52522046.0,hariesramdhani/Ombi,Ombi,24251244,80314658
2016-04-06 09:20:48,True,49540923.0,jbagnato/RecyclerView-FastScroll,RecyclerView-FastScroll,17967677,55592548
2016-09-23 04:12:41,True,68475958.0,praneybehl/optimize-js,optimize-js,2144887,68988015
2017-04-26 22:54:48,True,70382340.0,musicalshore/arc,arc,1236455,89533668
2016-07-05 15:52:48,True,55891971.0,premhameed/tailor,tailor,6231583,62649895
2016-09-20 12:36:51,True,68475958.0,hugoabonizio/optimize-js,optimize-js,1206395,68710231
2016-10-14 17:42:13,True,65116637.0,gimenete/roll-call,roll-call,50486,70933285
2016-01-20 15:02:28,True,49540923.0,bestwpw/RecyclerView-FastScroll,RecyclerView-FastScroll,13477295,50037447
2017-02-22 09:17:51,True,76171100.0,muukii/Sourcery,Sourcery,1888355,82784760
2016-01-20 06:07:49,True,49540923.0,aliumujib/RecyclerView-FastScroll,RecyclerView-FastScroll,13552664,50008690
2016-09-28 19:33:57,True,68475958.0,realzoberg/optimize-js,optimize-js,1416468,69497142
2016-11-03 02:27:25,True,53949203.0,elliotIndex/Choices,Choices,22058265,72700891
2016-09-24 11:20:34,True,68475958.0,sonyagutierrez12/optimize-js,optimize-js,20122770,69097862
2016-01-29 07:49:36,True,49540923.0,tieusangaka/RecyclerView-FastScroll,RecyclerView-FastScroll,8295187,50647300
2016-08-31 09:40:56,True,53949203.0,jayvi/Choices,Choices,2886315,67024509
2016-03-14 08:00:35,True,49540923.0,bensonX/RecyclerView-FastScroll,RecyclerView-FastScroll,6859863,53837464
2016-11-05 03:24:45,True,64702298.0,chagge/home_surveillance,home_surveillance,3414057,72902582
2017-01-29 04:20:45,True,70382340.0,tahitianstud/arc,arc,10874438,80328293
2017-02-06 22:07:31,True,76171100.0,loganmoseley/Sourcery,Sourcery,377298,81138668
2016-09-24 21:11:24,True,68475958.0,achuhlomin/optimize-js,optimize-js,17051324,69127897
2016-09-23 12:48:39,True,68475958.0,BigDaddys/optimize-js,optimize-js,1962093,69024228
2017-03-31 20:48:31,True,52522046.0,dalcon007/ombiwebtest,ombiwebtest,25890446,86859247
2016-09-20 10:01:48,True,68475958.0,kyroskoh/optimize-js,optimize-js,553181,68699097
2016-12-03 22:46:18,True,49540923.0,tpb1908/RecyclerView-FastScroll,RecyclerView-FastScroll,13050451,75504724
2016-09-04 18:10:31,True,53949203.0,jeremys/Choices,Choices,50606,67360692
2017-02-14 21:02:15,True,70382340.0,michaeb/arc,arc,11184568,81988819
2016-09-27 11:31:08,True,68475958.0,cuulee/optimize-js,optimize-js,1776179,69349989
2016-08-28 12:21:14,True,66739335.0,Yoshi9288/VitaShell,VitaShell,18351978,66766674
2017-02-04 04:32:04,True,70382340.0,kevoutthebox/arc,arc,16319987,80893483
2017-03-14 15:13:33,True,64702298.0,sante85/home_surveillance,home_surveillance,14055863,84963745
2017-02-07 22:08:42,True,70382340.0,joseVFernandez/arc,arc,683349,81259678
2017-01-10 10:21:11,True,49540923.0,prakashgt/RecyclerView-FastScroll,RecyclerView-FastScroll,13461280,78522380
2017-01-15 19:43:02,True,65116637.0,diffalot/roll-call,roll-call,12147,79055062
2017-02-03 05:45:02,True,76171100.0,Albinzr/Sourcery,Sourcery,7425577,80800951
2016-11-01 01:48:40,True,52522046.0,ebalders/PlexRequests.Net,PlexRequests.Net,1667740,72493958
2016-09-11 09:20:15,True,53949203.0,shamim8888/Choices,Choices,5879019,67921201
2016-07-08 23:01:04,True,55891971.0,skryshtafovych/tailor,tailor,4966220,62922085
2017-03-28 18:05:35,True,70382340.0,joeysherman/arc,arc,18039561,86491543
2016-03-19 16:33:24,True,52522046.0,bestwpw/PlexRequests.Net,PlexRequests.Net,13477295,54275743
2017-04-30 19:17:26,True,64702298.0,alialerwi/home_surveillance,home_surveillance,21062833,89871571
2017-01-09 20:30:39,True,53949203.0,gerben-van-eck/Choices,Choices,8068425,78466267
2017-02-26 09:57:37,True,52522046.0,DaveRuijter/Ombi,Ombi,5773881,83198771
2016-07-25 05:01:36,True,55891971.0,hackur/tailor,tailor,161835,64104896
2017-02-26 04:09:21,True,65116637.0,greggb/roll-call,roll-call,514026,83181926
2017-01-25 07:43:34,True,64702298.0,kranthisai/home_surveillance,home_surveillance,8036764,79993447
2016-12-26 10:43:18,True,55891971.0,maschinenbau/tailor,tailor,341171,77377380
2017-03-08 18:22:22,True,70382340.0,zachcb/arc,arc,3999557,84352671
2017-04-29 18:55:12,True,76171100.0,eugeneego/Sourcery,Sourcery,2494379,89806049
2017-01-12 01:41:43,True,76171100.0,yaole/Sourcery,Sourcery,7732202,78697205
2017-02-12 17:14:33,True,64702298.0,venkateshwaracholan/home_surveillance,home_surveillance,12474957,81742567
2016-07-21 11:40:37,True,55891971.0,adenadoume/tailor,tailor,5579384,63864525
2017-04-05 10:33:16,True,64702298.0,trptrp/home_surveillance,home_surveillance,5426262,87297290
2017-01-31 16:21:50,True,55891971.0,loomonauts/tailor,tailor,23219193,80537905
2017-04-26 13:05:16,True,76171100.0,yageek/Sourcery,Sourcery,170917,89481579
2017-02-02 13:46:45,True,53949203.0,itaditya/Choices,Choices,15871340,80728866
2017-03-04 05:39:24,True,70382340.0,jacksonhoose/arc,arc,982099,83868246
2016-08-22 09:35:27,True,52522046.0,jdelvecchio/PlexRequests.Net,PlexRequests.Net,11552866,66259183
2016-07-01 22:49:38,True,55891971.0,BinaryMoon/tailor,tailor,1004130,62423685
2017-01-14 00:54:25,True,53949203.0,carlosaherrera/Choices,Choices,13213579,78899264
2017-01-24 06:57:22,True,70382340.0,vkylamba/arc,arc,13446335,79886945
2016-07-20 01:07:03,True,55891971.0,claycosta/tailor,tailor,3505262,63738736
2016-02-15 12:02:55,True,49540923.0,zhourihu5/RecyclerView-FastScroll,RecyclerView-FastScroll,6065046,51752715
2016-09-04 22:46:06,True,66739335.0,dissonanttheory/VitaShell,VitaShell,18062757,67372032
2017-05-05 10:21:08,True,76171100.0,Rjmaurya13/Sourcery,Sourcery,1842897,90364440
2016-12-03 08:39:28,True,55891971.0,WPDevHQ/tailor,tailor,16872407,75462394
2017-02-15 06:48:45,True,76171100.0,rajeshm20/Sourcery,Sourcery,8141399,82029322
2017-03-03 13:35:28,True,70382340.0,christoefar/arc,arc,996720,83801503
2017-03-16 07:59:13,True,53949203.0,mrtunii/Choices,Choices,15321788,85168613
2016-09-29 14:45:47,True,68475958.0,michelgotta/optimize-js,optimize-js,743823,69577116
2017-01-12 07:10:26,True,53949203.0,akosipc/Choices,Choices,1279497,78718694
2016-10-21 15:40:27,True,70382340.0,giovannilobitos/arc,arc,19768726,71578782
2016-07-19 12:39:50,True,55891971.0,Pilskalns/tailor,tailor,6931156,63692794
2017-04-14 09:35:42,True,53949203.0,alvarlaigna/Choices,Choices,216535,88254665
2017-01-16 07:24:15,True,64702298.0,caomw/home_surveillance,home_surveillance,8454286,79093376
2017-03-29 11:59:10,True,66739335.0,chuy24/VitaShell,VitaShell,20610628,86576865
2016-11-24 10:40:49,True,55891971.0,Lder/tailor,tailor,5217654,74663608
2016-11-23 02:02:07,True,70382340.0,marcbachmann/arc,arc,431376,74530827
2017-03-01 19:22:44,True,70382340.0,ptzagk/arc,arc,66448,83592049
2016-08-07 04:09:44,True,52522046.0,MarMed/PlexRequests.Net,PlexRequests.Net,1175257,65114950
2017-04-20 11:44:50,True,76171100.0,Joannis/Sourcery,Sourcery,1951674,88859327
2017-03-13 14:38:47,True,53949203.0,veiico/Choices,Choices,10235669,84837179
2016-07-19 12:17:29,True,55891971.0,kevinrodbe/tailor,tailor,7063261,63691423
2017-02-14 09:45:58,True,70382340.0,yarastqt/arc,arc,7934638,81930069
2016-01-13 01:35:25,False,,timusus/RecyclerView-FastScroll,RecyclerView-FastScroll,4422616,49540923
2017-05-06 21:13:16,True,76171100.0,CurlyHeir/Sourcery,Sourcery,7043158,90491478
2017-02-04 02:58:15,True,70382340.0,steven-haddix/arc,arc,273730,80888756
2017-03-01 07:10:41,True,70382340.0,khadorkin/arc,arc,895769,83523846
2017-04-28 03:57:25,True,64702298.0,binarysourcebd/home_surveillance,home_surveillance,8109579,89665790
2016-08-05 20:15:37,True,52522046.0,Preetzmania/PlexRequests.Net,PlexRequests.Net,13822997,65046378
2016-08-30 03:47:15,True,66739335.0,samghub/VitaShell,VitaShell,5734670,66904246
2016-09-07 05:57:52,True,66739335.0,cfwprpht/VitaShell-1,VitaShell-1,1683181,67576732
2017-02-27 08:34:32,True,53949203.0,sajjadrmz/Choices,Choices,25407567,83287142
2016-10-09 06:34:28,False,,diegohaz/arc,arc,3068563,70382340
2016-10-29 06:10:38,True,52522046.0,ammadz/PlexRequests.Net,PlexRequests.Net,2187234,72268256
2016-09-19 11:02:45,True,68475958.0,bestwpw/optimize-js,optimize-js,13477295,68597585
2016-11-08 08:18:34,True,55891971.0,RobertoSnap/tailor,tailor,4772930,73164290
2017-03-22 02:14:39,True,70382340.0,iq72/arc,arc,3040083,85774874
2017-02-23 08:39:03,True,53949203.0,yangjiebeijing/Choices,Choices,15318755,82904856
2016-07-26 07:18:00,True,52522046.0,gottsman/PlexRequests.Net,PlexRequests.Net,6173136,64199144
2016-01-20 04:05:50,True,49540923.0,wangliang7730/RecyclerView-FastScroll,RecyclerView-FastScroll,12112168,50003452
2016-10-10 14:43:12,True,65116637.0,bestwpw/roll-call,roll-call,13477295,70497525
2017-01-24 19:07:33,True,53949203.0,haggen/Choices,Choices,270076,79944215
2017-05-07 23:04:09,True,76171100.0,simonrice/Sourcery,Sourcery,548577,90567316
2016-09-18 04:29:31,True,64702298.0,praveeneln/home_surveillance,home_surveillance,22267579,68496198
2017-02-07 08:53:27,True,66739335.0,dnasdw/VitaShell,VitaShell,2081018,81187205
2017-04-23 12:47:36,True,66739335.0,hyln9/VitaShell,VitaShell,6761583,89141290
2016-08-28 09:52:15,True,66739335.0,Kazumatr/VitaShell,VitaShell,21281784,66761025
2016-10-31 14:39:32,True,55891971.0,cmorgannorris/tailor,tailor,3019405,72445393
2017-02-24 03:04:05,True,70382340.0,chunsli/arc,arc,11830348,82995396
2016-06-22 18:18:14,True,52522046.0,mm22ll/PlexRequests.Net,PlexRequests.Net,20048893,61741508
2016-11-18 14:32:55,True,66739335.0,joechanghyun/VitaShell,VitaShell,12081357,74137070
2017-01-09 08:29:41,True,53949203.0,lokky2082/Choices,Choices,16235846,78409053
2016-09-04 05:06:40,True,66739335.0,XjokerX/VitaShell,VitaShell,15166462,67326745
2016-07-18 14:03:31,True,55891971.0,AdsonCicilioti/tailor,tailor,6278398,63607946
2016-01-20 07:53:54,True,49540923.0,letanloc/RecyclerView-FastScroll,RecyclerView-FastScroll,10550810,50014069
2017-04-14 08:01:32,True,66739335.0,WanderMax/VitaShell,VitaShell,15909056,88246921
2016-09-01 13:45:14,True,66739335.0,devnoname120/VitaShell,VitaShell,2824100,67134951
2016-10-21 10:38:03,True,55891971.0,reefki/tailor,tailor,10998084,71556246
2016-12-18 23:57:42,True,76171100.0,adamnemecek/Sourcery,Sourcery,182415,76813885
2017-02-23 21:10:57,True,70382340.0,mateusfmachado/arc,arc,20207447,82971781
2016-06-18 19:08:03,True,52522046.0,halali/PlexRequests.Net,PlexRequests.Net,17801420,61448546
2016-12-15 04:11:48,True,76171100.0,walkertop/Sourcery,Sourcery,17690332,76523111
2017-01-30 19:42:11,True,53949203.0,mike-robertson/Choices,Choices,8756876,80456255
2016-05-24 06:07:51,True,49540923.0,yanglangfei/RecyclerView-FastScroll,RecyclerView-FastScroll,10830529,59545206
2016-07-17 06:02:52,True,55891971.0,laurensius/tailor,tailor,283553,63517280
2017-02-21 15:52:16,True,52522046.0,baardt/Ombi,Ombi,25932666,82698119
2016-10-14 13:18:09,True,65116637.0,knvs97/roll-call,roll-call,9269084,70911910
2016-12-30 19:49:23,True,68475958.0,nwcode4hire/optimize-js,optimize-js,2358944,77707067
2016-10-19 11:32:41,True,55891971.0,sebuchy1991/tailor,tailor,19770727,71350599
2016-08-13 19:11:11,True,55891971.0,cristianoiglesias/tailor,tailor,7476161,65632892
2017-02-23 07:10:56,True,70382340.0,declanelcocks/arc,arc,2836593,82896389
2016-06-14 01:11:07,True,52522046.0,domenicdistefano/PlexRequests.Net,PlexRequests.Net,7042586,61080775
2016-08-18 21:48:22,True,49540923.0,brightwheel/RecyclerView-FastScroll,RecyclerView-FastScroll,8499229,66032849
2017-01-31 13:37:58,True,53949203.0,victorknust/Choices,Choices,744635,80523452
2016-07-16 10:45:59,True,55891971.0,falkbizz/tailor,tailor,16415134,63478478
2017-03-01 12:38:28,True,53949203.0,alexb974/Choices,Choices,26093672,83552987
2016-12-12 22:29:59,True,52522046.0,johnballjr/PlexRequests.Net,PlexRequests.Net,17060372,76301136
2017-04-25 09:49:49,True,76171100.0,AliSoftware/Sourcery,Sourcery,216089,89344556
2016-11-18 17:27:31,True,70382340.0,thisguychris/arc,arc,532797,74151863
2017-02-23 04:09:56,True,70382340.0,senyor/arc,arc,4295585,82883049
2016-01-30 07:10:41,True,49540923.0,dhavaljivani/RecyclerView-FastScroll,RecyclerView-FastScroll,3635056,50713812
2016-06-08 12:03:46,True,52522046.0,hjone72/PlexRequests.Net,PlexRequests.Net,4342811,60694769
2016-12-26 12:20:25,True,76171100.0,gabrielPeart/Sourcery,Sourcery,194588,77382219
2017-03-02 15:26:10,True,53949203.0,samueldjack/Choices,Choices,837684,83692968
2016-10-12 00:19:48,True,53949203.0,zslabs/Choices,Choices,1018402,70646156
2016-07-15 08:27:50,True,55891971.0,Natrio42/tailor,tailor,6150147,63405163
2017-02-11 01:19:42,True,70382340.0,kybarg/arc,arc,4588778,81621844
2017-02-03 10:32:05,True,70382340.0,banezaklan/arc,arc,2017614,80819568
2016-12-15 21:38:41,True,76171100.0,vknabel/Sourcery,Sourcery,2100336,76598290
2016-10-15 17:51:06,True,66739335.0,m-a-r-c-e-l-o/VitaShell,VitaShell,6789444,71003954
2016-09-01 04:49:28,True,49540923.0,spike04/RecyclerView-FastScroll,RecyclerView-FastScroll,6700526,67098961
2017-02-19 05:48:35,True,52522046.0,pyrostic/Ombi,Ombi,4494483,82438375
2016-10-03 16:43:57,True,68475958.0,iGetPass/optimize-js,optimize-js,8356421,69890345
2016-08-28 16:56:33,True,66739335.0,FFOrigine/VitaShell,VitaShell,4918680,66779947
2016-10-11 13:24:37,True,68475958.0,elondeado/optimize-js,optimize-js,4811112,70595818
2016-07-08 22:00:15,True,55891971.0,sekouperry/tailor,tailor,3640832,62919771
2016-10-17 17:50:03,True,65116637.0,weloftlabs-tech/roll-call,roll-call,19636344,71165468
2016-09-09 19:09:16,True,49540923.0,chiragw15/RecyclerView-FastScroll,RecyclerView-FastScroll,16978820,67825283
2016-12-17 10:41:12,True,76171100.0,ef37/Sourcery,Sourcery,23190458,76718289
2016-02-04 18:14:13,True,49540923.0,ItsCalebJones/RecyclerView-FastScroll,RecyclerView-FastScroll,4519230,51095280
2017-03-21 05:33:48,True,70382340.0,spock74/arc,arc,377364,85663068
2016-10-17 14:51:05,True,53949203.0,kapone89/Choices,Choices,1898786,71149411
2017-04-12 07:01:50,True,76171100.0,nommis/Sourcery,Sourcery,10707441,88020405
2016-07-14 12:54:17,True,55891971.0,pragneshok/tailor,tailor,8035465,63336354
2017-01-10 09:47:10,True,76171100.0,sibljon/Sourcery,Sourcery,442307,78519537
2016-10-17 17:02:22,True,65116637.0,mharis/roll-call,roll-call,601054,71161419
2016-09-20 10:37:42,True,68475958.0,cimi23/optimize-js,optimize-js,21283266,68701665
2016-09-29 05:46:21,True,53949203.0,sanjeevks121/Choices,Choices,19259179,69534905
2017-03-13 22:39:12,True,52522046.0,billyprice1/Ombi,Ombi,15332565,84881340
2016-08-31 17:22:56,True,66739335.0,mrkfishy/VitaShell,VitaShell,20834669,67058506
2016-11-25 09:12:50,True,65116637.0,janga1997/roll-call,roll-call,15131207,74742891
2016-08-16 23:57:19,True,49540923.0,mathieupost/RecyclerView-FastScroll,RecyclerView-FastScroll,5338582,65861667
2016-04-19 01:50:09,True,49540923.0,appml/RecyclerView-FastScroll,RecyclerView-FastScroll,7504229,56555870
2016-05-06 03:24:09,True,49540923.0,MStart/RecyclerView-FastScroll,RecyclerView-FastScroll,13193601,58178065
2016-12-29 07:06:16,True,53949203.0,rstacruz/Choices,Choices,74385,77591167
2016-10-17 16:36:54,True,65116637.0,bmathews/roll-call,roll-call,848347,71159408
2016-08-29 02:58:41,True,66739335.0,Qurter020050/VitaShell,VitaShell,12800380,66806297
2016-09-24 08:41:27,True,68475958.0,mangadinho/optimize-js,optimize-js,22352721,69090831
2016-12-12 21:51:45,True,76171100.0,nubbel/Insanity,Insanity,118781,76298668
2016-10-22 07:17:19,True,68475958.0,ali-ramzi/optimize-js,optimize-js,20662949,71623335
2016-01-27 00:56:15,True,49540923.0,suyimin/RecyclerView-FastScroll,RecyclerView-FastScroll,6321055,50470757
2016-08-31 12:12:44,True,66739335.0,jaltying-developer/VitaShell,VitaShell,20266743,67034242
2016-07-27 04:29:11,True,49540923.0,lirik16/RecyclerView-FastScroll,RecyclerView-FastScroll,11039908,64277102
2016-10-24 22:11:39,True,68475958.0,aickin/optimize-js,optimize-js,44199,71836476
2016-09-09 05:27:09,True,66739335.0,ElBaha/VitaShell,VitaShell,4324417,67768439
2016-12-15 00:14:50,True,76171100.0,aure/Sourcery,Sourcery,13122,76507851
2016-02-09 15:02:11,True,49540923.0,ryanarcher23/RecyclerView-FastScroll,RecyclerView-FastScroll,17090001,51373966
2016-12-13 08:34:24,True,76171100.0,djnivek/Sourcery,Sourcery,1377269,76339142
2016-10-15 20:41:58,True,65116637.0,solid-live/roll-call,roll-call,17759301,71012285
2016-08-31 04:22:15,True,66739335.0,Fluorohydride/VitaShell,VitaShell,1164105,67002952
2017-02-07 12:54:27,True,52522046.0,belzuk/Ombi,Ombi,2237686,81208001
2017-04-24 18:06:47,True,76171100.0,FelixLinBH/Sourcery,Sourcery,4843944,89271693
2017-01-27 07:28:32,True,52522046.0,ultibox/Ombi-ultiBoxx,Ombi-ultiBoxx,25058796,80189019
2016-12-14 22:02:49,True,76171100.0,FilipZawada/Sourcery,Sourcery,1159454,76500737
2016-08-30 11:49:58,True,66739335.0,GodmanGen/VitaShell,VitaShell,21336085,66935998
2016-10-17 04:09:52,True,65116637.0,anushshrestha/roll-call,roll-call,19897497,71099153
2016-12-13 11:31:45,True,76171100.0,bestwpw/Sourcery,Sourcery,13477295,76352844
2016-12-17 13:05:22,True,76171100.0,meghs91/Sourcery,Sourcery,3321331,76724512
2016-11-01 21:53:00,True,70382340.0,OWLOOKIT/arc,arc,8151863,72579951
2016-11-13 20:50:44,True,70382340.0,jfreixa/arc,arc,12124907,73642174
2017-02-13 20:56:32,True,52522046.0,PhyberApex/Ombi,Ombi,1316500,81870812
2016-08-31 02:52:46,True,66739335.0,ichimarusakura/VitaShell,VitaShell,3320337,66997088
2017-01-03 19:40:01,True,76171100.0,area51/Sourcery,Sourcery,24639111,77947114
2017-04-12 13:18:49,True,76171100.0,mattfenwick/Sourcery,Sourcery,952655,88053983
2017-04-20 09:21:04,True,76171100.0,greendragonapps/Sourcery,Sourcery,25547727,88845680
2016-10-17 00:41:31,True,65116637.0,zbruno247/roll-call,roll-call,22829538,71086735
2017-03-17 06:33:26,True,55891971.0,bhoot-biswas/tailor,tailor,22384141,85278815
2017-04-26 14:44:13,True,49540923.0,chayanforyou/RecyclerView-FastScroll,RecyclerView-FastScroll,12654289,89492216
2016-11-22 00:45:06,True,66739335.0,ireallydontexist/VitaShell,VitaShell,23283225,74419113
2017-01-06 13:30:34,True,76171100.0,nubank/Sourcery,Sourcery,4257275,78208253
2016-07-08 16:21:01,True,55891971.0,qianxueseng-com/tailor,tailor,14791319,62901833
2017-02-01 07:49:02,True,70382340.0,franklyinnovations/arc,arc,12043171,80599442
2016-08-30 22:48:35,True,66739335.0,MrNetrix/VitaShell,VitaShell,7028399,66983256
2016-12-13 16:13:35,True,76171100.0,sappharx/Sourcery,Sourcery,7884032,76376151
2016-12-06 15:35:24,True,53949203.0,jbanety/Choices,Choices,1055330,75745044
2016-12-15 21:13:23,True,76171100.0,bejar37/Sourcery,Sourcery,752997,76596531
2017-01-09 12:43:49,True,76171100.0,niaorenhuaduo/Sourcery,Sourcery,5071226,78427842
2016-10-26 12:54:33,True,52522046.0,flysurfer28/PlexRequests.Net,PlexRequests.Net,18583995,72002899
2016-12-13 12:59:31,True,76171100.0,remzr7/Sourcery,Sourcery,5417284,76358997
2017-03-13 00:56:48,True,70382340.0,Geczy/arc,arc,1036968,84769310
2016-11-02 03:20:51,True,68475958.0,xiwc/optimize-js,optimize-js,8816203,72600119
2016-11-14 21:18:32,True,53949203.0,brianteeman/Choices,Choices,1296369,73747705
2016-12-14 21:51:07,True,76171100.0,ziper1/Sourcery,Sourcery,1951671,76499941
2016-07-14 12:53:50,True,55891971.0,bhavin-imobdev/tailor,tailor,11473733,63336327
2017-04-16 11:56:42,True,76171100.0,jschmid/Sourcery,Sourcery,574168,88410222
2016-10-16 17:49:22,True,65116637.0,obchodniuspech/roll-call,roll-call,12214261,71066962
2017-02-02 05:21:33,True,66739335.0,NEOGEOKAI/VitaShell,VitaShell,16673558,80696097
2016-11-06 14:36:54,True,68475958.0,noikiy/optimize-js,optimize-js,977243,72996514
2017-03-16 08:25:45,True,64702298.0,bmghirbi/home_surveillance,home_surveillance,24590248,85171090
2017-04-19 21:21:07,True,76171100.0,Snagajob/Sourcery,Sourcery,5747231,88791953
2017-04-03 23:43:54,True,68475958.0,HBOCodeLabs/optimize-js,optimize-js,2342721,87131207
2017-01-22 05:11:00,True,64702298.0,romeonocon/home_surveillance,home_surveillance,23445137,79695171
2016-11-19 10:52:38,True,53949203.0,NaszvadiG/Choices,Choices,1567883,74202876
2017-03-23 10:49:40,True,55891971.0,jerryxcoke/tailor,tailor,9079898,85938789
2017-04-17 01:07:56,True,70382340.0,2rajpx/arc,arc,19687157,88453867
2017-04-19 18:03:45,True,76171100.0,Obbut/Sourcery,Sourcery,6095531,88775295
2016-10-14 18:08:26,True,70382340.0,krisnaw/arc,arc,1654121,70935440
2016-12-01 17:58:39,True,53949203.0,thejmsill/Choices,Choices,1490459,75318368
2017-03-14 18:43:28,True,64702298.0,nitingautam/home_surveillance,home_surveillance,1903388,84985124
2016-09-17 20:15:45,False,,nolanlawson/optimize-js,optimize-js,283842,68475958
2017-04-21 07:01:42,True,49540923.0,zhouzhixue/RecyclerView-FastScroll,RecyclerView-FastScroll,18349149,88952858
2016-01-26 07:58:40,True,49540923.0,chunyisong/RecyclerView-FastScroll,RecyclerView-FastScroll,7147583,50413084
2016-08-30 07:59:31,True,66739335.0,enriquesomolinos/VitaShell,VitaShell,6418156,66919570
2017-03-19 12:26:19,True,66739335.0,aptx4869dl/VitaShell,VitaShell,26515577,85474064
2016-06-01 07:25:40,True,49540923.0,weitianyix/RecyclerView-FastScroll,RecyclerView-FastScroll,3191019,60154820
2016-07-10 07:16:15,True,55891971.0,techscientist/tailor,tailor,7275205,62986948
2016-10-10 16:50:09,True,64702298.0,BenJamesbabala/home_surveillance,home_surveillance,10266109,70508712
2016-12-05 07:38:28,True,53949203.0,tobby2002/Choices,Choices,7940014,75600623
2016-10-11 08:59:35,True,65116637.0,cheeaun/roll-call,roll-call,2296,70575237
2016-10-22 08:21:04,True,70382340.0,bestwpw/arc,arc,13477295,71626366
2017-04-12 03:45:53,True,76171100.0,shanev/Sourcery,Sourcery,17361,88007097
2017-02-09 01:00:24,True,52522046.0,bybeet/Ombi,Ombi,1662279,81392860
2016-08-05 03:58:59,True,55891971.0,kishoresahoo/tailor,tailor,5745798,64987380
2016-08-30 06:58:50,True,66739335.0,SummerFalls/VitaShell,VitaShell,15645508,66915233
2016-06-01 07:08:46,True,49540923.0,virusHF/RecyclerView-FastScroll,RecyclerView-FastScroll,8925169,60153709
2016-12-09 14:44:31,True,52522046.0,uberswimmer/PlexRequests.Net,PlexRequests.Net,19243052,76043558
2016-12-28 09:23:51,True,68475958.0,HOUCe/optimize-js,optimize-js,19988985,77520260
2016-12-14 22:51:28,True,70382340.0,ssmolinski9/arc,arc,24562792,76503710
2016-07-08 12:12:34,True,55891971.0,rusln/tailor,tailor,3248793,62886180
2017-03-28 09:19:00,True,76171100.0,yueqianzhang/Sourcery,Sourcery,20694300,86439905
2016-04-10 10:00:21,False,,andrew-worsfold/tailor,tailor,5225074,55891971
2017-02-13 19:57:49,True,55891971.0,kipraske/tailor,tailor,9582986,81865277
2017-02-13 02:31:24,True,76171100.0,parksangkil/Sourcery,Sourcery,6165232,81776591
2016-07-11 13:54:57,True,55891971.0,azharijelek/tailor,tailor,3797779,63072184
2017-04-16 03:53:13,True,53949203.0,singhmohancs/Choices,Choices,283132,88389642
2016-10-26 12:20:43,True,70382340.0,prabhatsharma/arc,arc,4242188,72000219
2016-09-20 07:13:43,True,55891971.0,nk-o/tailor,tailor,14810891,68684613
2016-12-07 11:35:11,True,70382340.0,7s4r/arc,arc,4919142,75830076
2016-10-12 08:13:39,True,64702298.0,lyk125/home_surveillance,home_surveillance,12879867,70678090
2016-03-16 07:06:47,True,49540923.0,huangwm1984/RecyclerView-FastScroll,RecyclerView-FastScroll,4901142,54008746
2017-02-15 01:06:38,True,76171100.0,sleonardo/Sourcery,Sourcery,8226845,82005281
2016-08-10 02:18:18,True,53949203.0,florianajir/Choices,Choices,3715903,65343067
2016-08-28 08:41:31,True,66739335.0,sage417/VitaShell,VitaShell,7111791,66758346
2016-09-08 18:30:35,True,66739335.0,Darkmet98/VitaShell,VitaShell,13910563,67729683
2016-01-27 06:27:18,True,49540923.0,yan96in/RecyclerView-FastScroll,RecyclerView-FastScroll,14699636,50486742
2016-10-17 08:47:57,True,65116637.0,yigitaybuga/roll-call,roll-call,10081356,71118031
2017-03-20 04:17:17,True,76171100.0,ariesw/Sourcery,Sourcery,19258766,85534723
2016-08-30 18:46:47,True,66739335.0,XaviTheDoctor/VitaShell,VitaShell,11537561,66968192
2016-10-16 01:00:36,True,65116637.0,TheLarkInn/roll-call,roll-call,3408176,71022565
2017-02-13 20:41:46,True,64702298.0,Bill-Adora/home_surveillance,home_surveillance,15897520,81869529
2017-04-26 17:18:34,True,53949203.0,GabeJonson/Choices,Choices,7942725,89507816
2017-02-15 02:13:57,True,76171100.0,khanlou/Sourcery,Sourcery,850492,82010519
2017-03-11 16:18:40,True,70382340.0,dennisbochen/arc,arc,2768051,84663125
2016-01-27 06:26:02,True,49540923.0,lhn200835/RecyclerView-FastScroll,RecyclerView-FastScroll,5368983,50486666
2016-09-30 20:54:05,True,68475958.0,krisselden/optimize-js,optimize-js,61024,69701460
2017-03-21 07:34:56,True,76171100.0,NanDotWang/Sourcery,Sourcery,1992765,85672287
2016-11-24 14:58:52,True,70382340.0,ryan-collins-forks/arc,arc,16679054,74682810
2017-04-10 11:39:28,True,49540923.0,Oyzuu/RecyclerView-FastScroll,RecyclerView-FastScroll,19710540,87803949
2017-02-23 01:35:01,True,49540923.0,idunnololz/RecyclerView-FastScroll,RecyclerView-FastScroll,3893565,82870790
2017-05-03 15:25:51,True,53949203.0,kaixinsile/Choices,Choices,11732777,90164286
2017-03-29 15:28:45,True,76171100.0,thienquang/Sourcery,Sourcery,2139911,86599033
2017-03-11 02:54:03,True,64702298.0,safruk/home_surveillance,home_surveillance,25177271,84619057
2016-07-09 04:59:05,True,55891971.0,bestwpw/tailor,tailor,13477295,62932951
2016-01-27 06:04:03,True,49540923.0,ygwang/RecyclerView-FastScroll,RecyclerView-FastScroll,3995656,50485592
2017-03-02 07:06:20,True,64702298.0,igeeks/home_surveillance,home_surveillance,2051471,83646141
2017-04-03 17:47:16,True,64702298.0,wrapperband/home_surveillance,home_surveillance,4609536,87103279
2016-10-16 00:00:24,True,65116637.0,FotoVerite/roll-call,roll-call,5941,71020550
2017-02-18 09:13:59,True,76171100.0,antonselyanin/Sourcery,Sourcery,795090,82375278
2016-12-11 19:26:13,True,76171100.0,graydon/Insanity,Insanity,14097,76194753
2017-05-04 13:04:45,True,53949203.0,vorotina/Choices,Choices,4115360,90264012
2017-03-31 08:39:24,True,76171100.0,tkanzakic/Sourcery,Sourcery,884028,86797493
2016-09-02 04:56:13,True,66739335.0,xperia64/VitaShell,VitaShell,1392608,67191124
2017-02-21 00:34:29,True,64702298.0,NhaTrang/home_surveillance,home_surveillance,15188235,82617659
2016-01-27 04:40:05,True,49540923.0,dalufine/RecyclerView-FastScroll,RecyclerView-FastScroll,4245896,50482003
2016-10-15 21:30:13,True,65116637.0,petrenkotino/roll-call,roll-call,1674464,71014540
2017-02-15 13:17:41,True,76171100.0,nmdias/Sourcery,Sourcery,2228069,82062543
2016-01-20 05:23:25,True,49540923.0,jianghejie/RecyclerView-FastScroll,RecyclerView-FastScroll,1896907,50006716
2017-05-05 16:54:56,True,53949203.0,gxcodes/Choices,Choices,5865879,90398038
2016-01-20 06:06:50,True,49540923.0,Nikhil-z/RecyclerView-FastScroll,RecyclerView-FastScroll,13031698,50008632
2017-03-22 01:47:43,True,76171100.0,PaPazhao/Sourcery,Sourcery,6257987,85772740
2016-07-31 17:50:06,True,55891971.0,txd159/tailor,tailor,1873483,64607304
2017-02-15 22:28:30,True,76171100.0,hartbit/Sourcery,Sourcery,325519,82113302
2017-01-05 06:06:34,True,76171100.0,marinbenc/Sourcery,Sourcery,15250015,78084667
2016-12-29 02:38:42,True,68475958.0,bingyuchenxiao/optimize-js,optimize-js,5964863,77576559
2016-10-15 04:38:12,True,65116637.0,shaunstanislaus/roll-call,roll-call,1703530,70966443
2016-10-04 21:16:04,True,66739335.0,limyz/VitaShell,VitaShell,8562888,70007050
2017-01-27 12:59:35,True,70382340.0,antoinerey/arc,arc,3336873,80207545
2017-03-31 13:19:43,True,76171100.0,cliss/Sourcery,Sourcery,282460,86821324
2016-09-06 16:54:33,True,66739335.0,wrjqss/VitaShell,VitaShell,3162408,67528513
2016-11-07 08:29:15,True,70382340.0,automotola/arc,arc,3161681,73057417
2016-12-11 18:27:23,True,76171100.0,tkersey/Insanity,Insanity,217,76191911
2017-02-17 21:33:51,True,76171100.0,natecook1000/Sourcery,Sourcery,7053374,82340005
2016-10-10 03:20:51,True,68475958.0,dm7/optimize-js,optimize-js,1280488,70448137
2016-10-15 14:56:19,True,65116637.0,ankit0208/roll-call,roll-call,10098346,70994257
2016-08-29 22:02:00,True,66739335.0,rickybello/VitaShell,VitaShell,17216551,66883968
2016-11-08 00:41:26,True,70382340.0,mjsisley/arc,arc,12452099,73134243
2016-08-23 15:05:07,True,52522046.0,loeschj/PlexRequests.Net,PlexRequests.Net,16830558,66377451
2017-02-22 00:01:37,True,76171100.0,ggrell/Sourcery,Sourcery,107712,82740081
2017-04-03 14:47:01,True,76171100.0,jackyang1984/Sourcery,Sourcery,4393345,87085443
2016-08-29 20:34:07,True,55891971.0,colemarkham/tailor,tailor,608311,66878438
2016-10-17 19:25:48,True,65116637.0,r1cebank/roll-call,roll-call,261671,71173329
2016-07-12 14:54:28,True,55891971.0,kublaj/tailor,tailor,2795009,63166853
2016-01-26 06:42:11,True,49540923.0,Neils320/RecyclerView-FastScroll,RecyclerView-FastScroll,8563181,50409207
2017-02-22 04:25:03,True,52522046.0,smcpeck/Ombi,Ombi,8724583,82760355
2017-01-05 01:51:23,True,68475958.0,ibc789/optimize-js,optimize-js,1496636,78068923
2016-10-03 12:58:58,True,68475958.0,antonini/optimize-js,optimize-js,209396,69870724
2016-10-15 14:12:45,True,65116637.0,mark-bradshaw/roll-call,roll-call,1071210,70991700
2017-04-06 13:38:52,True,55891971.0,WalterLuis/tailor,tailor,18419851,87433469
2017-02-07 14:50:24,True,76171100.0,mergesort/Sourcery,Sourcery,716513,81219103
2016-09-08 09:50:22,True,66739335.0,smiky/VitaShell,VitaShell,2969694,67690622
2017-03-08 13:39:45,True,64702298.0,mathieuduperre/home_surveillance,home_surveillance,19558875,84324382
2016-12-29 07:04:07,True,68475958.0,coyotey/optimize-js,optimize-js,3060673,77591047
2017-04-04 17:54:42,True,76171100.0,mitghi/Sourcery,Sourcery,4160350,87218258
2016-01-18 20:37:09,True,49540923.0,MaTriXy/RecyclerView-FastScroll,RecyclerView-FastScroll,3080139,49903645
2016-12-19 04:35:25,True,70382340.0,ariesw/arc,arc,19258766,76828384
2016-01-26 05:39:34,True,49540923.0,1201205/RecyclerView-FastScroll,RecyclerView-FastScroll,8895235,50406186
2016-08-07 05:04:07,False,,mikeal/roll-call,roll-call,579,65116637
2016-10-15 09:53:13,True,65116637.0,glynnbird/roll-call,roll-call,697925,70979798
2016-09-01 11:11:01,True,66739335.0,theorywrong/VitaShell,VitaShell,20625892,67124351
2016-11-04 08:55:03,True,70382340.0,etshi/arc,arc,8883274,72830524
2016-10-16 00:26:25,True,52522046.0,JimboMonkey1234/PlexRequests.Net,PlexRequests.Net,8523682,71021405
2016-10-27 14:26:39,True,52522046.0,tonesto7/PlexRequests.Net,PlexRequests.Net,1835933,72116203
2016-11-17 19:25:05,True,52522046.0,d1g1talweb/PlexRequests.Net,PlexRequests.Net,23339773,74059931
2017-04-05 22:50:44,True,76171100.0,jpsim/Sourcery,Sourcery,474794,87363499
2016-12-18 04:45:16,True,70382340.0,zeachco/arc,arc,1691052,76763112
2016-09-01 02:18:20,True,66739335.0,tiztm/VitaShell,VitaShell,1180255,67090164
2016-01-26 05:06:09,True,49540923.0,luthink/RecyclerView-FastScroll,RecyclerView-FastScroll,8952782,50404744
2017-02-26 13:09:19,True,76171100.0,manlen/Sourcery,Sourcery,7964884,83209171
2016-10-15 07:55:36,True,65116637.0,synaphea/roll-call,roll-call,6337399,70974629
2016-11-04 02:20:31,True,70382340.0,Tiramisusie/arc,arc,5938867,72806203
2017-01-17 01:25:37,True,66739335.0,duanxq/VitaShell,VitaShell,8463042,79175448
2017-03-09 05:18:07,True,70382340.0,Optissimum/arc,arc,16561967,84401294
2016-11-05 01:35:19,True,64702298.0,GooglePeng/home_surveillance,home_surveillance,20514479,72898041
2016-02-21 20:30:14,True,49540923.0,Nammari/RecyclerView-FastScroll,RecyclerView-FastScroll,1522931,52226428
2017-03-15 20:08:07,True,55891971.0,conwaydev/tailor,tailor,1868805,85116084
2016-10-15 06:03:53,True,65116637.0,chromakode/roll-call,roll-call,16893,70969858
2016-12-07 01:15:33,True,55891971.0,GoldenIron/tailor,tailor,2076650,75786305
2016-09-04 12:58:42,True,66739335.0,jotaose/VitaShell,VitaShell,14103119,67344818
2017-04-03 19:05:41,True,53949203.0,MethodenMann/Choices,Choices,7300481,87110555
2016-07-08 22:17:41,True,55891971.0,Xcopyco/tailor,tailor,8318050,62920529
2016-07-29 22:26:12,True,55891971.0,tropicgirlie/tailor,tailor,3911608,64513782
2017-03-29 05:27:48,True,53949203.0,WispProxy/Choices,Choices,5466849,86541787
2016-11-05 01:03:39,True,64702298.0,Tom-Neverwinter/home_surveillance,home_surveillance,3943634,72896747
2017-01-19 13:39:30,True,52522046.0,vertigo235/Ombi,Ombi,1238461,79456814
2017-03-04 11:25:17,True,65116637.0,fun-alex-alex2006hw/roll-call,roll-call,15843413,83888434
2016-10-15 04:42:57,True,65116637.0,mahfuzsust/roll-call,roll-call,4603786,70966642
2016-10-04 05:05:56,True,66739335.0,thhoang99/VitaShell-touch,VitaShell-touch,20391040,69936192
2016-08-07 08:52:13,True,55891971.0,davidmaneuver/tailor,tailor,590050,65124341
2017-04-04 22:21:44,True,53949203.0,slothy/Choices,Choices,259715,87240673
2017-03-25 03:16:24,True,66739335.0,DavisDev/VitaShell,VitaShell,9156640,86128899
2016-09-19 17:21:56,True,68475958.0,austinkelleher/optimize-js,optimize-js,3771924,68628777
2016-01-29 05:38:32,True,49540923.0,rvganesh/RecyclerView-FastScroll,RecyclerView-FastScroll,4462527,50640433
2016-12-23 13:56:44,True,76171100.0,noscripter/Sourcery,Sourcery,1673877,77228686
2017-03-24 11:39:07,True,53949203.0,cdphp/Choices,Choices,23209633,86061876
2016-10-30 10:05:19,True,64702298.0,tamirgold/home_surveillance,home_surveillance,3801614,72341688
2017-01-08 18:38:55,True,65116637.0,gillesdemey/roll-call,roll-call,868844,78362792
2017-03-12 10:02:42,True,65116637.0,taran27/roll-call,roll-call,22715702,84716026
2017-02-06 03:48:29,True,66739335.0,moonqin/VitaShell,VitaShell,24537240,81045382
2016-02-26 18:37:16,True,52522046.0,gitter-badger/RequestPlex,RequestPlex,8518239,52624746
2016-09-19 20:13:41,True,68475958.0,jakwuh/optimize-js,optimize-js,11235552,68642566
2017-03-30 07:15:06,True,68475958.0,daaquan/optimize-js,optimize-js,365493,86671252
2017-03-13 19:18:48,True,65116637.0,quickstreamingmedia/roll-call,roll-call,6527923,84865415
2017-01-24 08:57:13,True,70382340.0,denisura/arc,arc,279304,79894794
2016-11-11 13:37:41,True,68475958.0,Taste75/optimize-js,optimize-js,17042897,73480504
2017-04-27 07:54:28,True,64702298.0,PeterZs/home_surveillance,home_surveillance,7976427,89571410
2016-10-20 05:57:38,True,64702298.0,maydaying/home_surveillance,home_surveillance,5717913,71430082
2016-12-02 10:02:50,True,65116637.0,digideskio/roll-call,roll-call,14135456,75383923
2017-02-10 00:02:38,True,68475958.0,cybernetics/optimize-js,optimize-js,79887,81507355
2017-03-29 06:16:01,True,53949203.0,Heirema/Choices,Choices,18698610,86545242
2017-02-10 12:21:19,True,64702298.0,dretorrente/home_surveillance,home_surveillance,13870187,81562708
2017-04-04 06:30:19,True,53949203.0,iandreyev/Choices,Choices,555141,87155071
2016-09-19 17:49:43,True,68475958.0,cdht/optimize-js,optimize-js,10168453,68631054
2017-03-10 17:15:32,True,70382340.0,hammerabi/arc,arc,4956779,84583381
2016-11-11 14:59:57,True,49540923.0,willbe058/RecyclerView-FastScroll,RecyclerView-FastScroll,9052439,73486660
2016-11-12 09:03:25,True,68475958.0,maiff/optimize-js,optimize-js,13074462,73542471
2016-11-22 17:12:22,True,65116637.0,pugst3r/roll-call,roll-call,1817617,74495735
2017-01-24 12:50:08,True,68475958.0,modulexcite/optimize-js,optimize-js,12729391,79911092
2016-10-15 00:51:54,True,65116637.0,RockySteveJobs/roll-call,roll-call,7598630,70957259
2017-03-26 15:53:06,True,49540923.0,rubengees/RecyclerView-FastScroll,RecyclerView-FastScroll,8021265,86244887
2016-10-23 12:18:39,True,53949203.0,krishna2nd/Choices,Choices,5320452,71700929
2017-04-03 11:45:33,True,53949203.0,retyui/Choices,Choices,4661784,87068044
2017-01-20 22:28:22,True,66739335.0,BenMitnicK/VitaShell-1,VitaShell-1,2843334,79606058
2016-07-08 16:18:59,True,55891971.0,concepthacker/tailor,tailor,8364395,62901697
2016-09-19 14:23:41,True,68475958.0,Rich-Harris/optimize-js,optimize-js,1162160,68613452
2016-02-15 02:56:01,True,49540923.0,myheat/RecyclerView-FastScroll,RecyclerView-FastScroll,3425890,51726876
2017-01-25 15:15:50,True,65116637.0,veritas44/roll-call,roll-call,19212135,80026156
2016-12-15 07:24:26,True,76171100.0,hhy5277/Sourcery,Sourcery,2764854,76534482
2016-12-21 06:44:17,True,68475958.0,kokizzu/optimize-js,optimize-js,1061610,77025752
2016-09-19 17:39:03,True,68475958.0,hhnr/optimize-js,optimize-js,3027568,68630186
2016-09-04 02:08:14,True,66739335.0,3375967/VitaShell,VitaShell,8553397,67320872
2017-04-02 06:20:43,True,53949203.0,DWangHua/Choices,Choices,25518968,86967657
2017-01-21 06:14:41,True,64702298.0,piyushimraw/home_surveillance,home_surveillance,22416208,79627807
2017-04-04 10:29:38,True,53949203.0,adammockor/Choices,Choices,1824790,87174135
2016-11-15 07:07:13,True,68475958.0,uncledu/optimize-js,optimize-js,23393021,73786219
2016-02-25 12:14:54,False,,tidusjar/Ombi,Ombi,6642220,52522046
2016-09-25 16:06:27,True,49540923.0,kubatatami/RecyclerView-FastScroll,RecyclerView-FastScroll,4519462,69175007
2017-01-09 23:39:30,True,65116637.0,mebezac/roll-call,roll-call,4645899,78479520
2016-11-15 03:00:08,True,68475958.0,hjc1702/optimize-js,optimize-js,5949988,73770416
2017-03-30 08:21:50,True,53949203.0,ReneBroekhoven/Choices,Choices,10582904,86677600
2017-01-27 19:56:26,True,76171100.0,grantjbutler/Sourcery,Sourcery,526054,80241120
2016-01-20 01:29:00,True,49540923.0,hello-earth/RecyclerView-FastScroll,RecyclerView-FastScroll,16147982,49995499
2017-04-04 13:20:10,True,53949203.0,kasvith/Choices,Choices,13379595,87188749
2017-01-27 23:26:11,True,52522046.0,dhruvb14/Ombi,Ombi,4459649,80254611
2016-11-18 15:18:06,True,68475958.0,GerHobbelt/optimize-js,optimize-js,402462,74140877
2016-07-26 16:50:54,True,55891971.0,rodneystrong/tailor,tailor,539962,64238522
2016-09-22 13:07:23,True,49540923.0,nitishdevgan12/RecyclerView-FastScroll,RecyclerView-FastScroll,20279890,68922160
2016-10-04 14:51:51,True,68475958.0,rabbotio/optimize-js,optimize-js,17824120,69975457
2016-09-19 13:59:52,True,68475958.0,vigneshshanmugam/optimize-js,optimize-js,3902525,68611401
2017-03-05 21:10:04,True,66739335.0,Margoulin/VitaShell,VitaShell,25369339,84002435
2016-10-06 19:07:28,True,55891971.0,hasti/tailor,tailor,140922,70184509
2017-03-31 15:09:38,True,64702298.0,LiangYifei/home_surveillance,home_surveillance,7811584,86832104
2017-04-01 20:16:58,True,53949203.0,DiogenesPolanco/Choices,Choices,2844235,86940146
2016-10-14 15:14:07,True,65116637.0,vladaspasic/roll-call,roll-call,2663300,70921703
2017-05-06 20:13:26,True,55891971.0,9585999/tailor,tailor,16165904,90488583
2016-09-24 06:59:50,True,66739335.0,soarqin/VitaShell,VitaShell,172610,69086220
2016-11-06 17:56:36,True,68475958.0,ef37/optimize-js,optimize-js,23190458,73008545
2017-02-21 19:51:16,True,65116637.0,yangwao/roll-call,roll-call,5887929,82720652
2016-09-15 08:40:25,True,49540923.0,janswist/RecyclerView-FastScroll,RecyclerView-FastScroll,5583954,68278766
2016-10-11 01:28:58,True,64702298.0,MatrixPlayer/home_surveillance,home_surveillance,12170233,70543811
2016-11-02 05:53:48,True,68475958.0,tomByrer/optimize-js,optimize-js,1308419,72608453
2017-01-31 14:12:59,True,55891971.0,Dean-Jansen/tailor,tailor,12000999,80526257
2016-09-19 17:05:28,True,68475958.0,shaunstanislaus/optimize-js,optimize-js,1703530,68627395
2016-08-08 17:56:21,True,52522046.0,some-guy-23/PlexRequests.Net,PlexRequests.Net,16366381,65226592
2017-04-04 02:57:22,True,65116637.0,maniacs-oss/roll-call,roll-call,23724833,87142402
2016-10-17 08:27:40,True,64702298.0,pby5/home_surveillance,home_surveillance,5305941,71116130
2016-12-29 17:35:23,True,76171100.0,dagio/Sourcery,Sourcery,74581,77628997
2016-09-19 16:30:59,True,68475958.0,denji/optimize-js,optimize-js,3759759,68624570
2016-12-22 17:34:46,True,76171100.0,fallback/Sourcery,Sourcery,5113782,77163921
2016-11-24 07:29:43,True,68475958.0,nileliao/optimize-js,optimize-js,23490576,74648623
2016-10-15 17:03:54,True,66739335.0,rab-h-sonmai/VitaShell,VitaShell,19623378,71001533
2016-11-03 08:33:26,True,70382340.0,Attila-Sasvari/arc,arc,8643202,72724473
2017-04-06 13:45:46,True,53949203.0,manelmadeira/Choices,Choices,1260263,87434212
2016-10-16 18:11:17,True,65116637.0,techscientist/roll-call,roll-call,7275205,71068147
2016-07-11 06:27:47,True,55891971.0,masterxavierfox/tailor,tailor,20048168,63042327
2017-01-11 20:20:11,True,55891971.0,gnowland/tailor,tailor,4430119,78676225
2016-10-11 14:04:21,True,65116637.0,bradparks/roll-call___share_audio_room_chat_browser_online_only,roll-call___share_audio_room_chat_browser_online_only,185477,70599609
2016-10-02 18:25:30,True,52522046.0,ProtoJazz/PlexRequests.Net,PlexRequests.Net,1490293,69813964
2017-01-07 20:49:14,True,64702298.0,mitch1991/home_surveillance,home_surveillance,15010620,78302952
2016-07-04 08:22:32,True,55891971.0,thegrimoire/tailor,tailor,1189348,62544658
2016-09-03 08:05:28,True,66739335.0,phoe-nix/VitaShell,VitaShell,4165378,67278761
2016-09-06 03:39:45,True,49540923.0,jiansheliuxing/RecyclerView-FastScroll,RecyclerView-FastScroll,8088543,67470784
2017-04-01 01:46:21,True,53949203.0,Foreverofh/Choices,Choices,15324717,86874049
2016-11-03 02:09:44,True,68475958.0,mvpleung/optimize-js,optimize-js,5743021,72699607
2017-01-09 07:15:46,True,55891971.0,arashohadi/tailor,tailor,10348243,78403615
2016-01-22 15:57:35,True,49540923.0,nadavfima/RecyclerView-FastScroll,RecyclerView-FastScroll,688836,50191196
2017-04-02 21:17:54,True,53949203.0,ftolleson/Choices,Choices,19804438,87016814
2016-10-04 17:36:41,True,52522046.0,madesch/PlexRequests.Net,PlexRequests.Net,6094593,69989535
2016-12-03 08:27:35,True,64702298.0,gaurav5670/home_surveillance,home_surveillance,15974983,75461857
2016-12-11 19:58:22,True,76171100.0,the-papay/Insanity,Insanity,12595623,76196434
2016-04-14 22:53:13,True,49540923.0,lichblitz/RecyclerView-FastScroll,RecyclerView-FastScroll,6466976,56274922
2017-04-28 07:10:37,True,65116637.0,otime/roll-call,roll-call,28112241,89678485
2017-01-05 22:30:36,True,68475958.0,jfsiii/optimize-js,optimize-js,57655,78153465
2017-01-19 21:17:02,True,70382340.0,xiberty/arc,arc,4292065,79496102
2017-01-25 11:45:04,True,52522046.0,HitsvilleUK/Ombi,Ombi,9288228,80009565
2016-08-28 22:22:51,True,66739335.0,ErikPshat/VitaShell,VitaShell,1283017,66793774
2016-12-12 16:58:28,True,76171100.0,karnlund/Insanity,Insanity,101465,76277037
2016-12-02 20:11:42,True,64702298.0,alex-kalinin/home_surveillance,home_surveillance,6628289,75427384
2016-09-25 04:01:48,True,68475958.0,siberianbear/optimize-js,optimize-js,10257160,69142809
2017-03-18 21:37:02,True,64702298.0,huleg/home_surveillance,home_surveillance,15924506,85433605
2017-04-02 00:56:40,True,49540923.0,pandasys/RecyclerView-FastScroll,RecyclerView-FastScroll,5552535,86953097
2016-12-18 13:20:35,True,76171100.0,gaurav1981/Sourcery,Sourcery,1276964,76784209
2016-12-12 12:12:53,True,76171100.0,fengweijp/Insanity,Insanity,4796266,76253345
2016-10-22 20:38:31,True,70382340.0,astridliu/arc,arc,2839712,71664330
2017-01-19 08:47:27,True,70382340.0,gitter-badger/arc-1,arc-1,8518239,79433825
2017-01-17 21:52:40,True,70382340.0,nwhitmont/arc,arc,3075047,79275719
2016-11-05 16:13:09,True,64702298.0,joyhuang9473/home_surveillance,home_surveillance,5389311,72937659
2016-12-02 03:08:26,True,64702298.0,nasirovsh/home_surveillance,home_surveillance,3256244,75355641
2017-02-24 10:14:59,True,52522046.0,pifiuk/Ombi,Ombi,18093676,83029113
2017-02-13 20:10:14,True,52522046.0,HLaxdal/Ombi,Ombi,7750098,81866608
2016-11-02 09:55:10,True,65116637.0,silky/roll-call,roll-call,129525,72626458
2017-01-08 17:30:23,True,52522046.0,Zirus1701/Ombi,Ombi,24596332,78359174
2017-01-13 06:13:39,True,66739335.0,DreamLabsM47/VitaShell,VitaShell,22014523,78821012
2017-01-18 19:17:39,True,70382340.0,nilmarramos/arc,arc,6290238,79374959
2016-07-11 04:16:14,True,55891971.0,dtbaker/tailor,tailor,543073,63035976
2016-09-23 13:25:31,True,66739335.0,Gokoucjp/VitaShell,VitaShell,485085,69027020
2016-11-30 01:21:06,True,64702298.0,soroushmehr/home_surveillance,home_surveillance,2067259,75137980
2017-02-23 04:09:42,True,70382340.0,rubythonode/arc,arc,15990682,82883035
2017-05-05 04:47:52,True,68475958.0,ezekielchentnik/optimize-js,optimize-js,3333017,90337862
2017-01-31 01:50:24,True,64702298.0,djgrasss/home_surveillance,home_surveillance,6866659,80482471
2017-02-26 13:41:42,True,49540923.0,luchiano1/RecyclerView-FastScroll,RecyclerView-FastScroll,26041015,83211341
2017-03-22 14:21:16,True,52522046.0,Drewster727/Ombi,Ombi,4528753,85836845
2017-01-12 01:28:53,True,76171100.0,izouxv/Sourcery,Sourcery,1646763,78696265
2017-01-11 02:46:28,True,66739335.0,cvdeocampo/VitaShell,VitaShell,24982212,78596172
2016-12-19 06:11:49,True,64702298.0,lonelygo/home_surveillance,home_surveillance,8328467,76833428
2016-12-27 17:20:06,True,52522046.0,lattedesu/Ombi,Ombi,20868080,77471493
2017-01-09 08:43:18,True,68475958.0,liuliangsir/optimize-js,optimize-js,8049878,78410144
2017-02-23 02:58:42,True,64702298.0,praveen-1/home_surveillance,home_surveillance,6935949,82877633
2017-05-03 11:54:12,True,70382340.0,saurshaz/arc,arc,1283920,90143548
2016-11-29 13:36:49,True,64702298.0,baucheng/home_surveillance,home_surveillance,4237160,75084691
2016-11-05 23:16:44,True,64702298.0,SlyTy7/home_surveillance,home_surveillance,20567280,72958694
2016-10-27 15:22:11,True,66739335.0,HaiHakkuIku/VitaShell,VitaShell,22647000,72121423
2017-01-28 21:36:47,True,52522046.0,SpaceK33z/Ombi,Ombi,533616,80312422
2016-11-22 08:36:42,True,65116637.0,Chaslav/roll-call,roll-call,8931731,74451546
2016-07-14 08:43:37,True,55891971.0,notyes/tailor,tailor,2021744,63318829
2017-01-05 08:51:59,True,66739335.0,cy33hc/VitaShell,VitaShell,4947747,78096305
2017-01-08 17:01:00,True,70382340.0,lewiscowper/arc,arc,593574,78357509
2017-04-29 13:42:56,True,70382340.0,marcelohmdias/arc,arc,5412367,89787873
2016-10-28 23:27:25,True,65116637.0,suamorales/roll-call,roll-call,9709819,72250338
2017-01-15 05:34:00,True,68475958.0,yoavweiss/optimize-js,optimize-js,786187,79001409
2017-04-30 12:02:06,True,52522046.0,GenericPolarBear/Ombi,Ombi,6973573,89848234
2016-04-05 12:44:32,True,49540923.0,verno3632/RecyclerView-FastScroll,RecyclerView-FastScroll,1014262,55507025
2016-08-21 01:26:41,True,55891971.0,ManUtopiK/tailor,tailor,188172,66175715
2017-04-24 13:39:55,True,49540923.0,LiuJiangshan/RecyclerView-FastScroll,RecyclerView-FastScroll,13770291,89244631
2017-01-10 16:19:30,True,52522046.0,thegame3202/Ombi,Ombi,22148848,78551065
2016-12-27 13:55:25,True,66739335.0,VheeCious/VitaShell,VitaShell,3508231,77459164
2017-01-06 03:46:14,True,70382340.0,zeroc0d3/arc,arc,18413459,78171372
2017-04-16 07:29:32,True,65116637.0,lipq525/roll-call,roll-call,3381298,88398147
2017-04-29 07:35:20,True,70382340.0,dinhbinh1610/arc,arc,12766317,89770921
2016-11-10 00:41:04,True,65116637.0,euro-fly/roll-call,roll-call,7606386,73333477
2016-09-26 11:27:26,True,68475958.0,backendeveloper/optimize-js,optimize-js,6114700,69243453
2017-04-24 04:44:35,True,52522046.0,letchu22/Ombi,Ombi,27840178,89198640
2017-03-27 06:31:40,True,64702298.0,duonghuutrang/home_surveillance,home_surveillance,11141755,86299251
2017-02-22 14:33:37,True,49540923.0,arpinca/RecyclerView-FastScroll,RecyclerView-FastScroll,2243353,82814318
2016-12-21 20:04:59,True,68475958.0,fritexvz/optimize-js,optimize-js,4490792,77082441
2016-12-14 14:55:50,True,66739335.0,Vasniktel/VitaShell,VitaShell,23561899,76469090
2016-10-10 12:33:55,True,64702298.0,nieshaoshuai/home_surveillance,home_surveillance,4988465,70485943
2016-12-30 21:27:56,True,70382340.0,mtree/arc,arc,3258358,77711321
2017-05-04 02:35:27,True,64702298.0,BMEI1314/home_surveillance,home_surveillance,21077271,90213551
2017-01-15 14:33:32,True,64702298.0,smajida/home_surveillance,home_surveillance,12903362,79037930
2017-04-30 12:01:23,True,65116637.0,WeiChiaChang/roll-call,roll-call,13506626,89848203
2016-07-15 06:13:50,True,55891971.0,lajpatshah/tailor,tailor,6246143,63396486
2016-11-18 23:05:46,True,65116637.0,kustomzone/roll-call,roll-call,2006565,74173419
2017-04-19 23:47:31,True,52522046.0,bellyjeans55/Ombi,Ombi,5949424,88800964
2017-04-07 04:34:25,True,55891971.0,joffcrabtree/tailor,tailor,8773793,87504633
2017-02-17 16:05:26,True,49540923.0,marverenic/RecyclerView-FastScroll,RecyclerView-FastScroll,10948413,82313853
2017-01-16 17:25:30,True,68475958.0,krishcdbry/optimize-js,optimize-js,4358385,79141821
2016-07-10 04:18:35,True,55891971.0,bansicloud2/tailor,tailor,15429403,62981210
2016-10-28 14:14:32,True,65116637.0,vitorfblima/roll-call,roll-call,5364580,72213363
2016-07-09 09:31:51,True,55891971.0,shaunstanislaus/tailor,tailor,1703530,62942481
2016-10-21 12:00:46,True,52522046.0,jeromechrist/PlexRequests.Net,PlexRequests.Net,2547646,71561436
2016-12-29 07:56:56,True,70382340.0,miguelramosfdz/arc,arc,68827,77594422
2017-02-20 16:32:00,True,53949203.0,ThainBBdL/Choices,Choices,12569229,82578980
2017-04-27 02:04:07,True,70382340.0,jrc60752/arc,arc,7296904,89544908
2017-03-12 01:45:30,True,52522046.0,cardinalfan1/Ombi,Ombi,22510021,84692282
2017-04-30 21:16:45,True,68475958.0,benderTheCrime/optimize-js,optimize-js,7144031,89877749
2016-07-11 05:45:21,True,55891971.0,fengweijp/tailor,tailor,4796266,63039958
2017-03-10 17:01:31,True,55891971.0,velloreakash/tailor,tailor,7682702,84582252
2017-03-13 22:38:17,True,52522046.0,anonaut/Ombi,Ombi,6736635,84881275
2017-04-13 01:06:31,True,52522046.0,dterracino/Ombi,Ombi,3344177,88110388
2016-11-30 17:25:04,True,66739335.0,d3m3vilurr/VitaShell,VitaShell,47262,75210235
2016-09-02 19:23:52,True,66739335.0,littlebalup/VitaShell,VitaShell,6732619,67249032
2017-02-05 17:02:29,True,49540923.0,ShayCormac0/RecyclerView-FastScroll,RecyclerView-FastScroll,25174231,81007328
2017-01-02 14:53:08,True,52522046.0,wastingaeons/Ombi,Ombi,2839483,77840634
2016-12-09 07:17:29,True,66739335.0,yifanlu/VitaShell,VitaShell,149999,76011585
2016-12-28 21:52:52,True,70382340.0,viankakrisna/arc,arc,9636410,77563586
2016-09-21 16:12:53,True,66739335.0,dreampiggy/VitaShell,VitaShell,6919743,68835015
2017-04-27 02:00:11,True,70382340.0,bignass04/arc,arc,1970224,89544613
2016-10-16 10:34:53,True,65116637.0,raboof/roll-call,roll-call,131856,71043758
2016-11-08 16:47:01,True,64702298.0,hajungong007/home_surveillance,home_surveillance,13834486,73206755
2017-02-21 15:29:47,True,70382340.0,mujuni88/arc,arc,1252222,82695740
2017-04-07 14:06:33,True,52522046.0,MattJeanes/Ombi,Ombi,2363642,87552843
2017-04-24 14:09:22,True,68475958.0,angelscabrerag/optimize-js,optimize-js,9630621,89248128
2017-01-03 08:58:11,True,68475958.0,anewway/optimize-js,optimize-js,9151545,77900356
2016-12-29 17:04:53,True,53949203.0,modulexcite/Choices,Choices,12729391,77627310
2016-12-26 15:57:49,True,70382340.0,stradap/arc,arc,5340505,77393594
2016-01-29 11:51:15,True,49540923.0,xiaoyanit/RecyclerView-FastScroll,RecyclerView-FastScroll,1397310,50659521
2016-11-25 23:52:16,True,64702298.0,feelthelearn/home_surveillance,home_surveillance,19702615,74794464
2016-12-13 15:32:57,True,76171100.0,shaunstanislaus/Sourcery,Sourcery,1703530,76371822
2017-04-09 06:04:57,True,65116637.0,niilante/roll-call,roll-call,10741609,87686906
2016-11-08 06:51:09,True,64702298.0,fungchou/home_surveillance,home_surveillance,4269867,73157736
2016-03-14 13:13:46,True,49540923.0,Y-bao/RecyclerView-FastScroll,RecyclerView-FastScroll,6537211,53857324
2016-11-08 08:23:58,True,65116637.0,weloftlabs/roll-call,roll-call,19636393,73164737
2016-09-20 20:13:27,True,68475958.0,mlrawlings/optimize-js,optimize-js,1958812,68749658
2017-02-19 02:10:41,True,52522046.0,okiwoki/Ombi,Ombi,9259843,82429092
2017-04-28 12:08:22,True,68475958.0,otime/optimize-js,optimize-js,28112241,89702634
2016-12-30 09:41:39,True,52522046.0,Kiris-tingna/Ombi,Ombi,10670294,77677057
2016-12-14 01:42:51,True,76171100.0,wanliming11/Sourcery,Sourcery,4082740,76414078
2016-10-05 14:47:13,True,68475958.0,zachlungu/optimize-js,optimize-js,20643497,70069866
2016-09-05 02:07:23,True,66739335.0,AlienDog/VitaShell,VitaShell,8670157,67380229
2016-10-31 17:43:52,True,66739335.0,RePod/VitaShell,VitaShell,7897871,72462131
2016-12-01 09:18:39,True,68475958.0,coderm/optimize-js,optimize-js,186839,75275770
2016-10-11 04:57:44,True,55891971.0,micahscopes/tailor,tailor,389782,70557549
2017-03-09 05:18:16,True,76171100.0,bestwnh/Sourcery,Sourcery,1201345,84401301
2017-03-08 07:40:46,True,68475958.0,PyJava1984/optimize-js,optimize-js,21970059,84292812
2016-10-10 13:40:17,True,64702298.0,wanjinchang/home_surveillance,home_surveillance,12625246,70491874
2017-03-30 07:56:10,True,52522046.0,dinner95/Ombi,Ombi,26787776,86675078
2016-03-22 01:47:02,True,49540923.0,wuyu5286/RecyclerView-FastScroll,RecyclerView-FastScroll,11013416,54436653
2017-01-02 16:23:21,True,76171100.0,nagyist/Sourcery,Sourcery,3152726,77846187
2016-12-30 15:22:24,True,68475958.0,koalaink/optimize-js,optimize-js,22545422,77693940
2016-07-19 03:08:14,True,55891971.0,candrawaskito/tailor,tailor,4866343,63655622
2016-10-09 02:34:10,True,55891971.0,sunriseLe/tailor,tailor,22568089,70371007
2017-03-10 04:22:19,True,64702298.0,aadu999/home_surveillance,home_surveillance,3880739,84518828
2016-11-30 09:01:49,True,49540923.0,RikkaW/RecyclerView-FastScroll,RecyclerView-FastScroll,12999176,75169558
2017-01-23 20:35:26,True,76171100.0,bolismauro/Sourcery,Sourcery,771999,79845326
2016-07-09 01:13:41,True,55891971.0,ukmaloth/tailor,tailor,6822991,62925953
2016-10-25 19:23:29,True,65116637.0,wizzy25/roll-call,roll-call,20454817,71931293
2016-12-28 03:46:05,True,76171100.0,samwuu/Sourcery,Sourcery,4220502,77500966
2016-10-10 01:55:41,True,65116637.0,ajoslin/roll-call,roll-call,1265995,70442767
2016-11-13 14:59:39,True,66739335.0,ttomato/VitaShell,VitaShell,1183010,73622806
2017-05-07 04:10:22,True,66739335.0,jemisa/VitaShell,VitaShell,12689947,90508072
2017-03-09 04:48:12,True,52522046.0,dwilder812/Ombi,Ombi,16870933,84399426
2016-10-06 10:58:12,True,68475958.0,Womol/optimize-js,optimize-js,11783952,70145827
2016-09-02 02:05:08,True,66739335.0,gr33k/VitaShell,VitaShell,5171932,67181587
2016-03-15 14:02:08,False,,jshjohnson/Choices,Choices,3064889,53949203
2016-10-25 10:44:11,True,65116637.0,kamotos/roll-call,roll-call,1533800,71887152
2016-10-07 03:04:12,True,65116637.0,RussTheAerialist/roll-call,roll-call,94549,70211254
2016-11-05 11:00:46,True,66739335.0,cvisoa/VitaShell,VitaShell,14954729,72920636
2016-01-18 03:32:21,True,49540923.0,MaterialDesignLollipop/RecyclerView-FastScroll,RecyclerView-FastScroll,16397822,49849896
2016-12-27 03:22:30,True,76171100.0,happyqq/Sourcery,Sourcery,534200,77422574
2016-09-30 05:56:30,True,68475958.0,hansthinhle/optimize-js,optimize-js,1812484,69638080
2016-11-11 07:23:11,True,68475958.0,ivyhaswell/optimize-js,optimize-js,13186709,73455410
2017-01-31 05:04:51,True,76171100.0,okitsutakatomo/Sourcery,Sourcery,97667,80493025
2016-10-06 19:29:27,True,52522046.0,liveyourheart/PlexRequests.Net,PlexRequests.Net,9070786,70186079
2016-10-23 23:09:03,True,65116637.0,kevincoleman/roll-call,roll-call,445707,71735100
2017-03-12 07:26:25,True,52522046.0,TBXin/Ombi,Ombi,1242348,84707923
2016-01-29 04:30:38,True,49540923.0,honeyflyfish/RecyclerView-FastScroll,RecyclerView-FastScroll,5707212,50637427
2017-01-13 14:43:07,True,76171100.0,pixyzehn/Sourcery,Sourcery,2482478,78857449
2016-12-11 23:52:48,True,65116637.0,jwulf/roll-call,roll-call,406975,76207545
2016-02-26 05:09:40,True,49540923.0,turing-tech/RecyclerView-FastScroll,RecyclerView-FastScroll,1839673,52580155
2017-02-25 05:08:27,True,70382340.0,Sadaf08/arc,arc,17213597,83107936
2017-01-14 06:59:49,True,68475958.0,AgungPambudi/optimize-js,optimize-js,8727135,78922664
2016-11-11 01:28:21,True,68475958.0,darrenfei/optimize-js,optimize-js,22699815,73435428
2016-12-01 13:40:34,True,68475958.0,Gxerxes/optimize-js,optimize-js,10241688,75296096
2016-10-23 19:25:38,True,65116637.0,magirtopcu/roll-call,roll-call,4037994,71724547
2017-03-06 21:15:27,True,76171100.0,Antondomashnev/Sourcery,Sourcery,2076088,84121558
2016-10-01 21:38:00,True,68475958.0,ideaterminal/optimize-js,optimize-js,4544116,69765216
2016-12-26 22:26:30,True,76171100.0,kzaher/Sourcery,Sourcery,1641148,77409851
2016-01-19 08:54:51,True,49540923.0,jimmyleo85/RecyclerView-FastScroll,RecyclerView-FastScroll,729627,49939466
2016-11-16 02:23:13,True,64702298.0,yiiwood/home_surveillance,home_surveillance,721704,73875257
2016-11-05 03:50:07,True,64702298.0,ericxsun/home_surveillance,home_surveillance,1772912,72903694
2017-04-01 01:06:48,True,53949203.0,ajfuller/Choices,Choices,2483304,86872018
2017-01-15 02:47:24,True,76171100.0,suxinde2009/Sourcery,Sourcery,3748275,78988874
2016-10-07 20:34:06,True,68475958.0,kasperlewau/optimize-js,optimize-js,2687184,70280931
2017-03-09 15:16:22,True,64702298.0,riankashyap/home_surveillance,home_surveillance,18048724,84456248
2016-10-23 17:26:43,True,65116637.0,folkevil/roll-call,roll-call,53936,71718184
2017-04-05 06:12:59,True,53949203.0,UEDNewbie/Choices,Choices,20274783,87272957
2016-10-16 03:51:02,True,65116637.0,Audiothrone/roll-call,roll-call,2016832,71028740
2016-11-01 04:42:26,True,53949203.0,Hacktivista/Choices,Choices,5282749,72504515
2017-01-19 13:46:14,True,49540923.0,Christophe668/RecyclerView-FastScroll,RecyclerView-FastScroll,1552554,79457386
2016-12-27 17:18:56,True,76171100.0,irshadpc/Sourcery,Sourcery,1927027,77471431
2017-02-16 15:21:26,True,66739335.0,perverseshadow/VitaShell,VitaShell,21054131,82194510
2017-04-17 08:44:28,True,64702298.0,Rathawut-l/home_surveillance,home_surveillance,11713352,88489333
2017-02-23 01:26:04,True,76171100.0,jindulys/Sourcery,Sourcery,1540225,82870118
2016-07-08 21:28:40,True,55891971.0,th3nolo/tailor,tailor,13484467,62918430
2016-09-19 16:11:26,True,52522046.0,jneljeff/PlexRequests.Net,PlexRequests.Net,14303280,68622832
2017-01-16 07:03:53,True,76171100.0,gauravr-dev/Sourcery,Sourcery,15630223,79091861
2016-10-20 02:40:31,True,65116637.0,magicknight/roll-call,roll-call,2965418,71418902
2017-04-14 12:01:13,True,49540923.0,centerzx/RecyclerView-FastScroll,RecyclerView-FastScroll,8621915,88264079
2017-04-28 04:39:56,True,64702298.0,Jumabek/home_surveillance,home_surveillance,4343873,89668067
2016-09-01 07:36:05,True,66739335.0,mailwl/VitaShell,VitaShell,629437,67109147
2016-12-21 12:07:45,True,68475958.0,dynamiccore/optimize-js,optimize-js,51270,77048290
2017-03-05 14:11:54,True,55891971.0,IAmSaad/tailor,tailor,13678055,83975060
2016-10-04 06:00:06,True,55891971.0,venkatraj/tailor,tailor,1931924,69938884
2016-11-14 01:17:16,True,49540923.0,liweiww123/RecyclerView-FastScroll,RecyclerView-FastScroll,12931734,73654751
2016-12-25 20:37:37,True,76171100.0,txaiwieser/Sourcery,Sourcery,2997313,77342047
2016-10-19 00:44:27,True,65116637.0,puppycodes/roll-call,roll-call,5248271,71304172
2016-09-01 00:30:44,True,66739335.0,rodrigobmg/VitaShell,VitaShell,5078739,67083903
2017-01-13 04:35:20,True,76171100.0,sroddy/Sourcery,Sourcery,729934,78815592
2017-01-03 17:23:37,True,65116637.0,aecca/roll-call,roll-call,2185717,77938008
2016-12-30 02:39:31,True,64702298.0,bytearchive/home_surveillance,home_surveillance,16279394,77654591
2017-01-02 02:54:41,True,76171100.0,jdhealy/Sourcery,Sourcery,782837,77807469
2016-07-11 11:01:48,True,55891971.0,PoNote/tailor,tailor,3607893,63060683
2016-09-30 14:51:59,True,55891971.0,pagelab/tailor,tailor,1451087,69675602
2016-10-04 06:26:20,True,68475958.0,sergejmueller/optimize-js,optimize-js,108992,69939128
2017-04-29 12:54:30,True,64702298.0,amatya-space/home_surveillance,home_surveillance,21318725,89785236
2016-10-19 00:15:50,True,65116637.0,sarbbottam/roll-call,roll-call,949380,71302489
2016-02-18 05:30:10,True,49540923.0,wangchang163/RecyclerView-FastScroll,RecyclerView-FastScroll,12017058,51981753
2017-01-20 09:15:48,True,68475958.0,huang831206/optimize-js,optimize-js,10833499,79544433
2017-02-27 02:53:44,True,76171100.0,jtrespalacios/Sourcery,Sourcery,935620,83261669
2016-12-12 03:43:54,True,65116637.0,znsstudio/roll-call,roll-call,2754385,76219795
2016-09-27 22:13:42,True,55891971.0,cemoulto/tailor,tailor,3803303,69403058
2017-02-20 14:38:46,True,55891971.0,gurunathan055/tailor,tailor,18616494,82567903
2016-08-27 23:02:56,False,,TheOfficialFloW/VitaShell,VitaShell,14246466,66739335
2017-01-18 08:23:43,True,76171100.0,radex/Sourcery,Sourcery,183747,79318964
2016-10-18 20:41:53,True,65116637.0,MarcL/roll-call,roll-call,1965510,71289559
2016-12-27 21:41:09,True,52522046.0,mhann/Ombi,Ombi,17162399,77484253
2016-12-26 07:52:28,True,76171100.0,2zuckerberg/Sourcery,Sourcery,7021832,77367821
2016-12-28 12:55:30,True,65116637.0,modulexcite/roll-call,roll-call,12729391,77532829
2017-04-28 06:47:08,True,70382340.0,vgi-minami/arc,arc,7200990,89676448
2016-09-24 02:14:42,True,55891971.0,gxrxrdx/tailor,tailor,12943044,69073894
2016-10-15 01:56:58,True,65116637.0,h2dvnnet/roll-call,roll-call,12293622,70959828
